3001;bonnet;julien;julien.bonnet@gmail.com;06.54.01.64.32;rennes
3002;lambert;thomas;thomas.lambert@gmail.com;06.04.87.07.83;rennes
3003;fontaine;nicolas;nicolas.fontaine@gmail.com;06.54.60.32.04;rennes
3004;rousseau;sebastien;sebastien.rousseau@gmail.com;06.65.42.30.24;rennes
3005;vincent;david;david.vincent@gmail.com;06.54.01.64.33;rennes
3006;muller;cedric;cedric.muller@gmail.com;06.04.87.07.84;rennes
3007;faure;stephane;stephane.faure@gmail.com;06.54.60.32.05;rennes
3008;mercier;vincent;vincent.mercier@gmail.com;06.65.42.30.25;rennes
3009;blanc;jonathan;jonathan.blanc@gmail.com;06.54.01.64.34;redon
3010;boyer;anthony;anthony.boyer@gmail.com;06.04.87.07.85;redon
3011;garnier;sophie;sophie.garnier@gmail.com;06.54.60.32.06;redon
3012;gauthier;stephanie;stephanie.gauthier@gmail.com;06.65.42.30.26;redon
3013;chevalier;sandrine;sandrine.chevalier@gmail.com;06.54.01.64.35;redon
3014;legros;virginie;virginie.legros@gmail.com;06.04.87.07.86;redon
3015;garcia;nathalie;nathalie.garcia@gmail.com;06.54.60.32.07;bruz
3016;robin;isabelle;isabelle.robin@gmail.com;06.65.42.30.27;bruz
3017;morin;emilie;emilie.morin@gmail.com;06.54.01.64.36;bruz
3018;henry;celine;celine.henry@gmail.com;06.04.87.07.87;bruz
3019;roussel;audrey;audrey.roussel@gmail.com;06.54.60.32.08;bruz
3020;masson;karine;karine.masson@gmail.com;06.65.42.30.28;bruz
3021;gautier;catherine;catherine.gautier@gmail.com;06.54.01.64.37;bruz
